{"file_hashes":[{"block_hashes":["3fFoWaFfPrMzTWJBl1yjmIrD6vw9lkUqw6Sv02RMhVA="],"block_size":4096,"path":"_locales/be/messages.json"},{"block_hashes":["pIJmMpKpE7AqnN5GNcfJInC/PIcm/SdEddwsSQAZp8k="],"block_size":4096,"path":"_locales/cy/messages.json"},{"block_hashes":["pBZw1SQjumnHpl5+FT57mZTo3QNwxYS9oHFL1hxJxXg="],"block_size":4096,"path":"_locales/eu/messages.json"},{"block_hashes":["mJBxDfD78dtBvOQf4vYkJKO9OddV0p6Cl0TtPaDCzh0="],"block_size":4096,"path":"_locales/gl/messages.json"},{"block_hashes":["Cxbj+L2QSnZyhDRa6GoKmSfEev6J4F6isTrYAAm9+eQ="],"block_size":4096,"path":"_locales/hy/messages.json"},{"block_hashes":["4WMl0aZB73Qh8rr81kM9U1Q8idSY3ZZBmwPLpgucfWA="],"block_size":4096,"path":"_locales/is/messages.json"},{"block_hashes":["u7gcMvSCujIWybEYnHDO85yowhga81OP+ge0xq1S8Go="],"block_size":4096,"path":"_locales/iw/messages.json"},{"block_hashes":["MImLv1G91Y2zl/94DwYeM0MaOO9c/CiLUXfs92s5nyY="],"block_size":4096,"path":"_locales/ka/messages.json"},{"block_hashes":["VI3GyW4xoWzjVdxVxkgzsI7z+6i/MxSQMbSmhZWeOvQ="],"block_size":4096,"path":"_locales/kk/messages.json"},{"block_hashes":["phGPCg3jKeB8AfU81vtP7UPlTF9T20zRx/WytNn7EOY="],"block_size":4096,"path":"_locales/km/messages.json"},{"block_hashes":["iQgvsFIpgmvCIvXSLBWCNfAl8ObfZ/8TWhi9iZ4Tu48="],"block_size":4096,"path":"_locales/lo/messages.json"},{"block_hashes":["YT2HUfbMnT+jGfS36osr077Tf9B3SCyoJZKd18Eqaag="],"block_size":4096,"path":"_locales/mn/messages.json"},{"block_hashes":["JDvvvWtnohQz3Ml9wacoiW06Bw3CAFXrBNZE4buVX+c="],"block_size":4096,"path":"_locales/my/messages.json"},{"block_hashes":["s+HGRYr0i5xQgEp2p+belX6TNgh3nF8eihdmYjvR8d8="],"block_size":4096,"path":"_locales/ne/messages.json"},{"block_hashes":["u9N9Qbfeb5OUj6JDenaZ1MMKPDnnNheXAvISyzajEzw="],"block_size":4096,"path":"_locales/pa/messages.json"},{"block_hashes":["VCQevmUag0QjXMR6/SdMCAq668jDolr7ldg3O2pWcKI="],"block_size":4096,"path":"_locales/si/messages.json"},{"block_hashes":["MPRM+tBS1z2G0S+iDPwRFWOjsuRSO0P31m2TS6jazpE="],"block_size":4096,"path":"_locales/zh_HK/messages.json"},{"block_hashes":["7Hjd1MzzK1127HAaIBZ8P70UbXmlBeT7BCH8Hlz0qmM="],"block_size":4096,"path":"_locales/zu/messages.json"},{"block_hashes":["bGnOD+b6sU8ZkKMg1wT+42LBdcAOtskiSqb0EQiRjKY="],"block_size":4096,"path":"dasherSettingSchema.json"},{"block_hashes":["oojLsxKjf9G+u1gi5DUB+A1VgWAal1Ymaal736sVpNY=","Wji/O8+Jl0R8Q5Rykv8Sge74kktf4BA1rXFqnBwmesY=","IAt6hR6+zMzgYIr4ijUptf/dByr5R8TnMWmssTzLR9Y=","iwgqKQ+cfjQF/ht8pjwLslNVzSMVdX+u944mUFIu/Fg=","8ZP5ypK25yeaOTMN8rUer1UyZECyk/GkcLzcDCeTH/Q=","9t2Y9u9XAk+LL/Y5hofWa/ttkHSB2OahtFHm5cHXj4s=","SkaiaywXOL3Rerd0GqeYbMer1Z8WaeKPFbdz5935UUk=","d7/OccAF0KY1LHlMTds+w3DIG1Suy7c23+x7fuXsoSw=","rcn9xaAQHIQQEVTGrGW+fln278/nWVVoC52ef0QToT0=","1/VkDFH/fpOKZsEtC5/gEUDUK/qGdoB+WjmUR57aUiY=","LShRVuQwfa4JrNpUYBjctZ8PK6G4A8jMtzhYfJeASnY=","oMpu3rLbGbZnSM4StqyRhBpU3/8bccm+5OfN1i26yI4=","ST4lCsY1KNLeDw4JiGpHsNjpvnhzuVhlrnuq1aR4FzE=","Mz3CDWGTJjCFG1pSpJhSQDOFHfasDkhUmIxhOrfZU08=","oQq5ajKV6XVp5YwKlAmjX3CIR4ah15GzFawW6nylZBE=","BF1gV9Z+F17hQsbYJZ8vXakHKgsmPRhRsM3LYD+h6Dc=","z24VWAhajExonDJtyf8L9GgFk6RLwrOCq0dUPHZiW38="],"block_size":4096,"path":"eventpage_bin_prod.js"},{"block_hashes":["Chu2eotDZpBoMtECmMQtHVdOGCNlPAHmODbUhqNSngk="],"block_size":4096,"path":"page_embed_script.js"}],"version":2}